TotalOrderValue,TotalOrderValue,TotalOrderValue,TotalOrderValue,TotalOrderValue,AverageOrderValue,AverageOrderValue,AverageOrderValue,AverageOrderValue,AverageOrderValue,Quantity,Quantity,Quantity,Quantity,Quantity
mean,median,std,min,max,mean,median,std,min,max,mean,median,std,min,max
121.63671487603305,87.0,188.2199751396397,-403.20000000000005,1627.2,56.61509578945914,45.08166666666668,80.48165809782411,-337.5,1003.2,54.510330578512395,40.0,470.4937914155224,-9360,2880
11.824334913552706,8.5,11.965867866489642,-20.85,88.5,15.4844177556325,12.783333333333337,11.611756924715168,-5.9,67.6125,6.335889570552148,3.0,7.929052313694127,-24,60
13.044117647058824,12.75,2.5143887398916895,4.25,15.0,140.6083891402715,141.89999999999998,1.6557815733638406,138.48076923076923,141.89999999999998,4.882352941176471,1.0,5.418514013790779,1,12
12.78888888888889,12.75,6.7070541345212575,1.95,25.5,76.23880952380952,75.3,2.18392062669903,73.315,82.745,1.6666666666666667,1.0,0.9074852129730301,1,4
28.794117647058822,25.5,4.649626408142284,25.5,38.25,141.12695927601808,141.89999999999998,1.3479865036387872,138.48076923076923,141.89999999999998,6.705882352941177,2.0,8.476177690167551,2,24
