TotalOrderValue,TotalOrderValue,TotalOrderValue,TotalOrderValue,TotalOrderValue,AverageOrderValue,AverageOrderValue,AverageOrderValue,AverageOrderValue,AverageOrderValue,Quantity,Quantity,Quantity,Quantity,Quantity
mean,median,std,min,max,mean,median,std,min,max,mean,median,std,min,max
11.147883605600933,7.95,15.68430283307978,-403.20000000000005,106.2,13.205512726338114,11.785714285714283,10.5307088895933,-337.5,40.028000000000006,6.758313885647608,3.0,13.014677940044496,-192,288
321.66531249999997,289.1,159.19812587603056,3.75,734.4000000000001,124.31053900411165,87.35833333333333,109.54746616887505,27.147222222222222,527.85,186.09375,96.0,396.490305682245,1,2880
1356.3333333333333,1399.0,250.89260385006693,1003.2,1627.2,319.15171794871793,141.89999999999998,359.05491516651705,57.47153846153847,1003.2,725.3333333333334,432.0,713.2064684694515,120,1824
-280.8,-280.8,,-280.8,-280.8,57.871875,57.871875,,57.871875,57.871875,-9360.0,-9360.0,,-9360,-9360
50.888706786171575,30.0,52.033508688174955,-75.60000000000001,244.08,56.53277601699161,47.973076923076924,29.740099317019173,16.445,179.8225,24.089628681177977,8.0,47.2506101709662,-36,720
