TotalOrderValue,TotalOrderValue,TotalOrderValue,TotalOrderValue,TotalOrderValue,AverageOrderValue,AverageOrderValue,AverageOrderValue,AverageOrderValue,AverageOrderValue,Quantity,Quantity,Quantity,Quantity,Quantity
mean,median,std,min,max,mean,median,std,min,max,mean,median,std,min,max
16.55962109375,9.899999999999999,31.417867717307733,-403.20000000000005,425.0,18.033768097596706,13.515,19.997241055996614,-337.5,180.0,9.103385416666667,4.0,22.9765274043162,-192,720
-280.8,-280.8,,-280.8,-280.8,57.871875,57.871875,,57.871875,57.871875,-9360.0,-9360.0,,-9360,-9360
656.3207407407407,540.0,435.34631175762667,3.75,1627.2,224.4644124243439,140.458,216.05771385021816,45.49677419354838,1003.2,425.81481481481484,192.0,676.6207344100669,1,2880
