TotalOrderValue,TotalOrderValue,TotalOrderValue,TotalOrderValue,TotalOrderValue,AverageOrderValue,AverageOrderValue,AverageOrderValue,AverageOrderValue,AverageOrderValue,Quantity,Quantity,Quantity,Quantity,Quantity
mean,median,std,min,max,mean,median,std,min,max,mean,median,std,min,max
246.95428571428573,203.7,349.47906144012524,-403.20000000000005,1627.2,84.8697273333905,64.6,150.9557741579624,-337.5,1003.2,82.86607142857143,72.0,977.7805396423814,-9360,2880
14.970911264612115,8.95,21.96792651745075,-41.400000000000006,226.8,16.7755971064822,13.299999999999999,14.103338426287571,-28.395,112.9,8.155552603613177,3.0,14.515984637775754,-36,200
25.110784313725492,25.5,16.92998615984517,-17.0,76.5,139.22275414781296,141.89999999999998,4.138159669660204,130.255,141.89999999999998,5.784313725490196,3.0,7.3764862244572695,-4,36
175.2,175.2,0.0,175.2,175.2,141.89999999999998,141.89999999999998,0.0,141.89999999999998,141.89999999999998,16.0,16.0,0.0,16,16
102.0,102.0,0.0,102.0,102.0,130.255,130.255,0.0,130.255,130.255,24.0,24.0,0.0,24,24
227.3142857142857,225.6,17.729394478419973,208.79999999999998,252.0,52.0728656462585,50.207142857142856,4.673132583394303,47.15625,57.871875,125.71428571428571,128.0,16.469307673308407,96,144
